<!--
============================================
; Title: Assignment 7.2
; Author: Chris Harris
; Date: 2 May 2021
; Description: Week 7 XML information.
;===========================================
-->
<!--books parent-->
<books>
    <!--book child to books-->
    <book>
        <!--here are the other childern to the book parent-->
        <isbn>9780345339683</isbn>
        <title>The Hobbit or There and Back Again</title>
        <description>N/A</description>
        <pages>287</pages>
        <author>J.R.R Tolkein</author>
    </book>
    <!--book child to books-->
    <book>
        <!--here are the other childern to the book parent-->
        <isbn>9780261103573</isbn>
        <title>The Fellowship of the Ring</title>
        <description>Being the First Part of The Lord of the Rings</description>
        <pages>416</pages>
        <author>J.R.R Tolkein</author>
    </book>
<!--book child to books-->
    <book>
        <!--here are the other childern to the book parent-->
        <isbn>9780261102361</isbn>
        <title>The Two Towers</title>
        <description>Being the Second Part of The Lord of the Rings</description>
        <pages>442</pages>
        <author>J.R.R Tolkein</author>
    </book>
    <!--book child to books-->
    <book>
        <!--here are the other childern to the book parent-->
        <isbn>9780261102378</isbn>
        <title>Return of the King</title>
        <description>Being the Third Part of The Lord of the Rings</description>
        <pages>556</pages>
        <author>J.R.R Tolkein</author>
    </book>
    <!--book child to books-->
    <book>
        <!--here are the other childern to the book parent-->
        <isbn>9780593099322</isbn>
        <title>Dune: Deluxe Edition</title>
        <description>N/A</description>
        <pages>688</pages>
        <author>Frank Herbert</author>
    </book>
    <!--book child to books-->
    <book>
        <!--here are the other childern to the book parent-->
        <isbn>9780316769532</isbn>
        <title>The Catcher and the Rye</title>
        <description>N/A</description>
        <pages>277</pages>
        <author>J.D. Salinger</author>
    </book>
</books>